,Agriculture,Livestock,Forestry and Logging,Fishing & Aquaculture,Coal & Lignite,Crude Petroleum,Natural Gas,Iron Ores,Non ferrous metal ores,Other Mining,"Production, processing and preservation of meat, fish, fruit, vegetables, oils and fats",Manufacture of dairy products,"Manufacture of grain mill products, etc. and animal feeds",Manufacture of other food products,Manufacture of beverages,Manufacture of tobacco products,Manufacture of textiles + cotton ginning,"Manufacture of wearing apparel, except custom tailoring",Manufacture of leather and related products,Manufacture of Basic Iron and Steel + Casting of iron and steel,Manufacture of basic precious and non-ferrous metals + Casting of non-ferrous metals,"Manufacture of fabricated metal products, except machinery and equipments","Manufacture of electronic component, consumer electronics, magnetic and optical media",Manufacture of computer and peripheral equipment,Manufacture of communication equipments,Manufacture of optical and electronics products n.e.c,Manufacture of Electrical equipments,Manufacture of machinery and equipments n.e.c,Manufacture of Transport,Manufacture of coke and refined petroleum products," Manufacture of chemical and chemical products except pharmaceuticals, medicinal and botanical products",Manufacture of pharmaceutical; medicinal chemicals and botanical products,Manufacture of rubber & plastic products,Manufacture of other non-metallic mineral products,"Mfg of wood and of products of wood and cork, except furniture; manufacture of articles of straw and plaiting material",Manufacture of paper and paper products,Printing and reproduction of recorded media except publishing,Manufacture of furniture,Other Manufacturing,Repair and installation of machinery and equipments,Construction,Electricity,Gas,Water supply,Railway Transport,Land Transport,Water Transport,Air Transport,Supportive & Auxilliary transport activities,Storage & warehousing,Communication,Trade,Hotels & Restaurant,Financial Services,Insurance Services,Ownership of dwellings,Education & Research,Medical and Health,Legal Services,Computer related services,Other Business services,Real estate activities,Renting of machinery and equipment,"Community, Social & personal services",Other services,Public admn. & defence
 Paddy ," 3,53,23,447.54 ", -   , -   , -   , -   , -   , -   , -   , -   , -   , -   , -   , -   , -   , -   , -   , -   , -   , -   , -   , -   , -   , -   , -   , -   , -   , -   , -   , -   , -   , -   , -   , -   , -   , -   , -   , -   , -   , -   , -   , -   , -   , -   , -   , -   , -   , -   , -   , -   , -   , -   , -   , -   , -   , -   , -   , -   , -   , -   , -   , -   , -   , -   , -   , -   , -   
Wheat," 2,17,51,372.18 ", -   , -   , -   , -   , -   , -   , -   , -   , -   , -   , -   , -   , -   , -   , -   , -   , -   , -   , -   , -   , -   , -   , -   , -   , -   , -   , -   , -   , -   , -   , -   , -   , -   , -   , -   , -   , -   , -   , -   , -   , -   , -   , -   , -   , -   , -   , -   , -   , -   , -   , -   , -   , -   , -   , -   , -   , -   , -   , -   , -   , -   , -   , -   , -   , -   
Coarse cereals," 79,18,890.57 ", -   , -   , -   , -   , -   , -   , -   , -   , -   , -   , -   , -   , -   , -   , -   , -   , -   , -   , -   , -   , -   , -   , -   , -   , -   , -   , -   , -   , -   , -   , -   , -   , -   , -   , -   , -   , -   , -   , -   , -   , -   , -   , -   , -   , -   , -   , -   , -   , -   , -   , -   , -   , -   , -   , -   , -   , -   , -   , -   , -   , -   , -   , -   , -   , -   
Gram ," 49,65,789.17 ", -   , -   , -   , -   , -   , -   , -   , -   , -   , -   , -   , -   , -   , -   , -   , -   , -   , -   , -   , -   , -   , -   , -   , -   , -   , -   , -   , -   , -   , -   , -   , -   , -   , -   , -   , -   , -   , -   , -   , -   , -   , -   , -   , -   , -   , -   , -   , -   , -   , -   , -   , -   , -   , -   , -   , -   , -   , -   , -   , -   , -   , -   , -   , -   , -   
Arhar," 20,74,663.26 ", -   , -   , -   , -   , -   , -   , -   , -   , -   , -   , -   , -   , -   , -   , -   , -   , -   , -   , -   , -   , -   , -   , -   , -   , -   , -   , -   , -   , -   , -   , -   , -   , -   , -   , -   , -   , -   , -   , -   , -   , -   , -   , -   , -   , -   , -   , -   , -   , -   , -   , -   , -   , -   , -   , -   , -   , -   , -   , -   , -   , -   , -   , -   , -   , -   
Other pulses," 41,00,896.20 ", -   , -   , -   , -   , -   , -   , -   , -   , -   , -   , -   , -   , -   , -   , -   , -   , -   , -   , -   , -   , -   , -   , -   , -   , -   , -   , -   , -   , -   , -   , -   , -   , -   , -   , -   , -   , -   , -   , -   , -   , -   , -   , -   , -   , -   , -   , -   , -   , -   , -   , -   , -   , -   , -   , -   , -   , -   , -   , -   , -   , -   , -   , -   , -   , -   
Groundnut," 29,76,762.90 ", -   , -   , -   , -   , -   , -   , -   , -   , -   , -   , -   , -   , -   , -   , -   , -   , -   , -   , -   , -   , -   , -   , -   , -   , -   , -   , -   , -   , -   , -   , -   , -   , -   , -   , -   , -   , -   , -   , -   , -   , -   , -   , -   , -   , -   , -   , -   , -   , -   , -   , -   , -   , -   , -   , -   , -   , -   , -   , -   , -   , -   , -   , -   , -   , -   
Rapeseed and mustard," 42,96,451.77 ", -   , -   , -   , -   , -   , -   , -   , -   , -   , -   , -   , -   , -   , -   , -   , -   , -   , -   , -   , -   , -   , -   , -   , -   , -   , -   , -   , -   , -   , -   , -   , -   , -   , -   , -   , -   , -   , -   , -   , -   , -   , -   , -   , -   , -   , -   , -   , -   , -   , -   , -   , -   , -   , -   , -   , -   , -   , -   , -   , -   , -   , -   , -   , -   , -   
Other oil seeds," 91,57,272.56 ", -   , -   , -   , -   , -   , -   , -   , -   , -   , -   , -   , -   , -   , -   , -   , -   , -   , -   , -   , -   , -   , -   , -   , -   , -   , -   , -   , -   , -   , -   , -   , -   , -   , -   , -   , -   , -   , -   , -   , -   , -   , -   , -   , -   , -   , -   , -   , -   , -   , -   , -   , -   , -   , -   , -   , -   , -   , -   , -   , -   , -   , -   , -   , -   , -   
kapas," 1,22,37,662.43 ", -   , -   , -   , -   , -   , -   , -   , -   , -   , -   , -   , -   , -   , -   , -   , -   , -   , -   , -   , -   , -   , -   , -   , -   , -   , -   , -   , -   , -   , -   , -   , -   , -   , -   , -   , -   , -   , -   , -   , -   , -   , -   , -   , -   , -   , -   , -   , -   , -   , -   , -   , -   , -   , -   , -   , -   , -   , -   , -   , -   , -   , -   , -   , -   , -   
"jute, hemp and mesta"," 7,98,796.78 ", -   , -   , -   , -   , -   , -   , -   , -   , -   , -   , -   , -   , -   , -   , -   , -   , -   , -   , -   , -   , -   , -   , -   , -   , -   , -   , -   , -   , -   , -   , -   , -   , -   , -   , -   , -   , -   , -   , -   , -   , -   , -   , -   , -   , -   , -   , -   , -   , -   , -   , -   , -   , -   , -   , -   , -   , -   , -   , -   , -   , -   , -   , -   , -   , -   
Sugarcane," 1,49,44,752.84 ", -   , -   , -   , -   , -   , -   , -   , -   , -   , -   , -   , -   , -   , -   , -   , -   , -   , -   , -   , -   , -   , -   , -   , -   , -   , -   , -   , -   , -   , -   , -   , -   , -   , -   , -   , -   , -   , -   , -   , -   , -   , -   , -   , -   , -   , -   , -   , -   , -   , -   , -   , -   , -   , -   , -   , -   , -   , -   , -   , -   , -   , -   , -   , -   , -   
Coconut," 19,14,149.08 ", -   , -   , -   , -   , -   , -   , -   , -   , -   , -   , -   , -   , -   , -   , -   , -   , -   , -   , -   , -   , -   , -   , -   , -   , -   , -   , -   , -   , -   , -   , -   , -   , -   , -   , -   , -   , -   , -   , -   , -   , -   , -   , -   , -   , -   , -   , -   , -   , -   , -   , -   , -   , -   , -   , -   , -   , -   , -   , -   , -   , -   , -   , -   , -   , -   
Tobacco," 13,53,984.14 ", -   , -   , -   , -   , -   , -   , -   , -   , -   , -   , -   , -   , -   , -   , -   , -   , -   , -   , -   , -   , -   , -   , -   , -   , -   , -   , -   , -   , -   , -   , -   , -   , -   , -   , -   , -   , -   , -   , -   , -   , -   , -   , -   , -   , -   , -   , -   , -   , -   , -   , -   , -   , -   , -   , -   , -   , -   , -   , -   , -   , -   , -   , -   , -   , -   
Tea ," 16,52,903.17 ", -   , -   , -   , -   , -   , -   , -   , -   , -   , -   , -   , -   , -   , -   , -   , -   , -   , -   , -   , -   , -   , -   , -   , -   , -   , -   , -   , -   , -   , -   , -   , -   , -   , -   , -   , -   , -   , -   , -   , -   , -   , -   , -   , -   , -   , -   , -   , -   , -   , -   , -   , -   , -   , -   , -   , -   , -   , -   , -   , -   , -   , -   , -   , -   , -   
Coffee ," 7,59,803.62 ", -   , -   , -   , -   , -   , -   , -   , -   , -   , -   , -   , -   , -   , -   , -   , -   , -   , -   , -   , -   , -   , -   , -   , -   , -   , -   , -   , -   , -   , -   , -   , -   , -   , -   , -   , -   , -   , -   , -   , -   , -   , -   , -   , -   , -   , -   , -   , -   , -   , -   , -   , -   , -   , -   , -   , -   , -   , -   , -   , -   , -   , -   , -   , -   , -   
Rubber," 25,76,138.79 ", -   , -   , -   , -   , -   , -   , -   , -   , -   , -   , -   , -   , -   , -   , -   , -   , -   , -   , -   , -   , -   , -   , -   , -   , -   , -   , -   , -   , -   , -   , -   , -   , -   , -   , -   , -   , -   , -   , -   , -   , -   , -   , -   , -   , -   , -   , -   , -   , -   , -   , -   , -   , -   , -   , -   , -   , -   , -   , -   , -   , -   , -   , -   , -   , -   
Fruits," 2,39,93,139.71 ", -   , -   , -   , -   , -   , -   , -   , -   , -   , -   , -   , -   , -   , -   , -   , -   , -   , -   , -   , -   , -   , -   , -   , -   , -   , -   , -   , -   , -   , -   , -   , -   , -   , -   , -   , -   , -   , -   , -   , -   , -   , -   , -   , -   , -   , -   , -   , -   , -   , -   , -   , -   , -   , -   , -   , -   , -   , -   , -   , -   , -   , -   , -   , -   , -   
Vegetables," 3,52,41,500.29 ", -   , -   , -   , -   , -   , -   , -   , -   , -   , -   , -   , -   , -   , -   , -   , -   , -   , -   , -   , -   , -   , -   , -   , -   , -   , -   , -   , -   , -   , -   , -   , -   , -   , -   , -   , -   , -   , -   , -   , -   , -   , -   , -   , -   , -   , -   , -   , -   , -   , -   , -   , -   , -   , -   , -   , -   , -   , -   , -   , -   , -   , -   , -   , -   , -   
Other food crops," 2,90,66,685.87 ", -   , -   , -   , -   , -   , -   , -   , -   , -   , -   , -   , -   , -   , -   , -   , -   , -   , -   , -   , -   , -   , -   , -   , -   , -   , -   , -   , -   , -   , -   , -   , -   , -   , -   , -   , -   , -   , -   , -   , -   , -   , -   , -   , -   , -   , -   , -   , -   , -   , -   , -   , -   , -   , -   , -   , -   , -   , -   , -   , -   , -   , -   , -   , -   , -   
Milk, -   ," 6,27,76,188.50 ", -   , -   , -   , -   , -   , -   , -   , -   , -   , -   , -   , -   , -   , -   , -   , -   , -   , -   , -   , -   , -   , -   , -   , -   , -   , -   , -   , -   , -   , -   , -   , -   , -   , -   , -   , -   , -   , -   , -   , -   , -   , -   , -   , -   , -   , -   , -   , -   , -   , -   , -   , -   , -   , -   , -   , -   , -   , -   , -   , -   , -   , -   , -   , -   
Wool, -   ," 90,864.85 ", -   , -   , -   , -   , -   , -   , -   , -   , -   , -   , -   , -   , -   , -   , -   , -   , -   , -   , -   , -   , -   , -   , -   , -   , -   , -   , -   , -   , -   , -   , -   , -   , -   , -   , -   , -   , -   , -   , -   , -   , -   , -   , -   , -   , -   , -   , -   , -   , -   , -   , -   , -   , -   , -   , -   , -   , -   , -   , -   , -   , -   , -   , -   , -   
Egg and poultry, -   ," 1,12,06,867.49 ", -   , -   , -   , -   , -   , -   , -   , -   , -   , -   , -   , -   , -   , -   , -   , -   , -   , -   , -   , -   , -   , -   , -   , -   , -   , -   , -   , -   , -   , -   , -   , -   , -   , -   , -   , -   , -   , -   , -   , -   , -   , -   , -   , -   , -   , -   , -   , -   , -   , -   , -   , -   , -   , -   , -   , -   , -   , -   , -   , -   , -   , -   , -   , -   
Other livestock products, -   ," 2,00,65,813.07 ", -   , -   , -   , -   , -   , -   , -   , -   , -   , -   , -   , -   , -   , -   , -   , -   , -   , -   , -   , -   , -   , -   , -   , -   , -   , -   , -   , -   , -   , -   , -   , -   , -   , -   , -   , -   , -   , -   , -   , -   , -   , -   , -   , -   , -   , -   , -   , -   , -   , -   , -   , -   , -   , -   , -   , -   , -   , -   , -   , -   , -   , -   , -   , -   
Industry Wood, -   , -   ," 1,33,00,860.68 ", -   , -   , -   , -   , -   , -   , -   , -   , -   , -   , -   , -   , -   , -   , -   , -   , -   , -   , -   , -   , -   , -   , -   , -   , -   , -   , -   , -   , -   , -   , -   , -   , -   , -   , -   , -   , -   , -   , -   , -   , -   , -   , -   , -   , -   , -   , -   , -   , -   , -   , -   , -   , -   , -   , -   , -   , -   , -   , -   , -   , -   , -   , -   
Firewood, -   , -   ," 92,61,102.81 ", -   , -   , -   , -   , -   , -   , -   , -   , -   , -   , -   , -   , -   , -   , -   , -   , -   , -   , -   , -   , -   , -   , -   , -   , -   , -   , -   , -   , -   , -   , -   , -   , -   , -   , -   , -   , -   , -   , -   , -   , -   , -   , -   , -   , -   , -   , -   , -   , -   , -   , -   , -   , -   , -   , -   , -   , -   , -   , -   , -   , -   , -   , -   
Other forestry products, -   , -   ," 8,09,252.82 ", -   , -   , -   , -   , -   , -   , -   , -   , -   , -   , -   , -   , -   , -   , -   , -   , -   , -   , -   , -   , -   , -   , -   , -   , -   , -   , -   , -   , -   , -   , -   , -   , -   , -   , -   , -   , -   , -   , -   , -   , -   , -   , -   , -   , -   , -   , -   , -   , -   , -   , -   , -   , -   , -   , -   , -   , -   , -   , -   , -   , -   , -   , -   
Inland Fish, -   , -   , -   ," 90,40,384.80 ", -   , -   , -   , -   , -   , -   , -   , -   , -   , -   , -   , -   , -   , -   , -   , -   , -   , -   , -   , -   , -   , -   , -   , -   , -   , -   , -   , -   , -   , -   , -   , -   , -   , -   , -   , -   , -   , -   , -   , -   , -   , -   , -   , -   , -   , -   , -   , -   , -   , -   , -   , -   , -   , -   , -   , -   , -   , -   , -   , -   , -   , -   
Marine Fish, -   , -   , -   ," 64,05,937.54 ", -   , -   , -   , -   , -   , -   , -   , -   , -   , -   , -   , -   , -   , -   , -   , -   , -   , -   , -   , -   , -   , -   , -   , -   , -   , -   , -   , -   , -   , -   , -   , -   , -   , -   , -   , -   , -   , -   , -   , -   , -   , -   , -   , -   , -   , -   , -   , -   , -   , -   , -   , -   , -   , -   , -   , -   , -   , -   , -   , -   , -   , -   
Coal and Lignite, -   , -   , -   , -   ," 1,64,21,336.44 ", -   , -   , -   , -   , -   , -   , -   , -   , -   , -   , -   , -   , -   , -   , -   , -   , -   , -   , -   , -   , -   , -   , -   , -   , -   , -   , -   , -   , -   , -   , -   , -   , -   , -   , -   , -   , -   , -   , -   , -   , -   , -   , -   , -   , -   , -   , -   , -   , -   , -   , -   , -   , -   , -   , -   , -   , -   , -   , -   , -   , -   
Natural Gas, -   , -   , -   , -   , -   , -   ," 1,03,61,382.73 ", -   , -   , -   , -   , -   , -   , -   , -   , -   , -   , -   , -   , -   , -   , -   , -   , -   , -   , -   , -   , -   , -   , -   , -   , -   , -   , -   , -   , -   , -   , -   , -   , -   , -   , -   , -   , -   , -   , -   , -   , -   , -   , -   , -   , -   , -   , -   , -   , -   , -   , -   , -   , -   , -   , -   , -   , -   , -   , -   
Crude petroleum, -   , -   , -   , -   , -   ," 2,98,33,234.84 ", -   , -   , -   , -   , -   , -   , -   , -   , -   , -   , -   , -   , -   , -   , -   , -   , -   , -   , -   , -   , -   , -   , -   , -   , -   , -   , -   , -   , -   , -   , -   , -   , -   , -   , -   , -   , -   , -   , -   , -   , -   , -   , -   , -   , -   , -   , -   , -   , -   , -   , -   , -   , -   , -   , -   , -   , -   , -   , -   , -   
Iron ore, -   , -   , -   , -   , -   , -   , -   ," 66,57,135.95 ", -   , -   , -   , -   , -   , -   , -   , -   , -   , -   , -   , -   , -   , -   , -   , -   , -   , -   , -   , -   , -   , -   , -   , -   , -   , -   , -   , -   , -   , -   , -   , -   , -   , -   , -   , -   , -   , -   , -   , -   , -   , -   , -   , -   , -   , -   , -   , -   , -   , -   , -   , -   , -   , -   , -   , -   , -   , -   
Manganese ore, -   , -   , -   , -   , -   , -   , -   , -   ," 3,18,031.48 ", -   , -   , -   , -   , -   , -   , -   , -   , -   , -   , -   , -   , -   , -   , -   , -   , -   , -   , -   , -   , -   , -   , -   , -   , -   , -   , -   , -   , -   , -   , -   , -   , -   , -   , -   , -   , -   , -   , -   , -   , -   , -   , -   , -   , -   , -   , -   , -   , -   , -   , -   , -   , -   , -   , -   , -   , -   
Bauxite, -   , -   , -   , -   , -   , -   , -   , -   ," 88,566.01 ", -   , -   , -   , -   , -   , -   , -   , -   , -   , -   , -   , -   , -   , -   , -   , -   , -   , -   , -   , -   , -   , -   , -   , -   , -   , -   , -   , -   , -   , -   , -   , -   , -   , -   , -   , -   , -   , -   , -   , -   , -   , -   , -   , -   , -   , -   , -   , -   , -   , -   , -   , -   , -   , -   , -   , -   , -   
Copper ore, -   , -   , -   , -   , -   , -   , -   , -   ," 1,58,870.74 ", -   , -   , -   , -   , -   , -   , -   , -   , -   , -   , -   , -   , -   , -   , -   , -   , -   , -   , -   , -   , -   , -   , -   , -   , -   , -   , -   , -   , -   , -   , -   , -   , -   , -   , -   , -   , -   , -   , -   , -   , -   , -   , -   , -   , -   , -   , -   , -   , -   , -   , -   , -   , -   , -   , -   , -   , -   
Other Metallic minerals, -   , -   , -   , -   , -   , -   , -   , -   ," 16,55,094.15 ", -   , -   , -   , -   , -   , -   , -   , -   , -   , -   , -   , -   , -   , -   , -   , -   , -   , -   , -   , -   , -   , -   , -   , -   , -   , -   , -   , -   , -   , -   , -   , -   , -   , -   , -   , -   , -   , -   , -   , -   , -   , -   , -   , -   , -   , -   , -   , -   , -   , -   , -   , -   , -   , -   , -   , -   , -   
Limestone, -   , -   , -   , -   , -   , -   , -   , -   , -   ," 11,69,432.34 ", -   , -   , -   , -   , -   , -   , -   , -   , -   , -   , -   , -   , -   , -   , -   , -   , -   , -   , -   , -   , -   , -   , -   , -   , -   , -   , -   , -   , -   , -   , -   , -   , -   , -   , -   , -   , -   , -   , -   , -   , -   , -   , -   , -   , -   , -   , -   , -   , -   , -   , -   , -   , -   , -   , -   , -   
Mica, -   , -   , -   , -   , -   , -   , -   , -   , -   ," 1,349.40 ", -   , -   , -   , -   , -   , -   , -   , -   , -   , -   , -   , -   , -   , -   , -   , -   , -   , -   , -   , -   , -   , -   , -   , -   , -   , -   , -   , -   , -   , -   , -   , -   , -   , -   , -   , -   , -   , -   , -   , -   , -   , -   , -   , -   , -   , -   , -   , -   , -   , -   , -   , -   , -   , -   , -   , -   
Other non metallic minerals, -   , -   , -   , -   , -   , -   , -   , -   , -   ," 1,25,06,111.90 ", -   , -   , -   , -   , -   , -   , -   , -   , -   , -   , -   , -   , -   , -   , -   , -   , -   , -   , -   , -   , -   , -   , -   , -   , -   , -   , -   , -   , -   , -   , -   , -   , -   , -   , -   , -   , -   , -   , -   , -   , -   , -   , -   , -   , -   , -   , -   , -   , -   , -   , -   , -   , -   , -   , -   , -   
Processed poultry meat & poultry meat products, -   , -   , -   , -   , -   , -   , -   , -   , -   , -   ," 70,45,258.11 ", -   , -   ," 12,534.10 ", -   , -   , -   , -   , -   , -   , -   , -   , -   , -   , -   , -   , -   , -   , -   , -   , -   , -   , -   , -   , -   , -   , -   , -   , -   , -   , -   , -   , -   , -   , -   , -   , -   , -   , -   , -   , -   , -   , -   , -   , -   , -   , -   , -   , -   , -   , -   , -   , -   , -   , -   , -   
Processed other meat & meat products, -   , -   , -   , -   , -   , -   , -   , -   , -   , -   ," 7,98,036.37 ", -   , -   , 702.36 , -   , -   , -   , -   , -   , -   , -   , -   , -   , -   , -   , -   , -   , -   , -   , -   , -   , -   , -   , -   , -   , -   , -   , -   , -   , -   , -   , -   , -   , -   , -   , -   , -   , -   , -   , -   , -   , -   , -   , -   , -   , -   , -   , -   , -   , -   , -   , -   , -   , -   , -   , -   
Processed fish & fish products, -   , -   , -   , -   , -   , -   , -   , -   , -   , -   ," 15,86,933.64 ", -   , -   ," 2,279.59 ", -   , -   , -   , -   , -   , -   , -   , -   , -   , -   , -   , -   , -   , -   , -   , -   , -   , -   , -   , -   , -   , -   , -   , -   , -   , -   , -   , -   , -   , -   , -   , -   , -   , -   , -   , -   , -   , -   , -   , -   , -   , -   , -   , -   , -   , -   , -   , -   , -   , -   , -   , -   
Processed fruits & Processed Vegetables, -   , -   , -   , -   , -   , -   , -   , -   , -   , -   ," 20,63,689.91 ", -   , -   ," 31,36,196.96 "," 1,16,596.22 ", -   , -   , -   , -   , -   , -   , -   , -   , -   , -   , -   , -   , -   , -   , -   , -   , -   , -   , -   , -   , -   , -   , -   , -   , -   , -   , -   , -   , -   , -   , -   , -   , -   , -   , -   , -   , -   , -   , -   , -   , -   , -   , -   , -   , -   , -   , -   , -   , -   , -   , -   
Dairy products, -   , -   , -   , -   , -   , -   , -   , -   , -   , -   ," 7,20,102.35 "," 2,86,34,287.45 ", -   ," 2,77,343.43 "," 24,266.22 ", -   , -   , -   , -   , -   , -   , -   , -   , -   , -   , -   , -   , -   , -   , -   , -   , -   , -   , -   , -   , -   , -   , -   , -   , -   , -   , -   , -   , -   , -   , -   , -   , -   , -   , -   , -   , -   , -   , -   , -   , -   , -   , -   , -   , -   , -   , -   , -   , -   , -   , -   
Edible Oils and Fats , -   , -   , -   , -   , -   , -   , -   , -   , -   , -   ," 1,47,00,023.46 ", -   ," 11,42,016.64 "," 2,86,400.68 ", -   , -   , -   , -   , -   , -   , -   , -   , -   , -   , -   , -   , -   , -   , -   , -   , -   , -   , -   , -   , -   , -   , -   , -   , -   , -   , -   , -   , -   , -   , -   , -   , -   , -   , -   , -   , -   , -   , -   , -   , -   , -   , -   , -   , -   , -   , -   , -   , -   , -   , -   , -   
"Grain Mill products, starch and starch products", -   , -   , -   , -   , -   , -   , -   , -   , -   , -   ," 1,65,277.67 ", -   ," 2,30,65,703.15 "," 69,83,007.48 "," 26,770.46 ", -   , -   , -   , -   , -   , -   , -   , -   , -   , -   , -   , -   , -   , -   , -   , -   , -   , -   , -   , -   , -   , -   , -   , -   , -   , -   , -   , -   , -   , -   , -   , -   , -   , -   , -   , -   , -   , -   , -   , -   , -   , -   , -   , -   , -   , -   , -   , -   , -   , -   , -   
Sugar, -   , -   , -   , -   , -   , -   , -   , -   , -   , -   , -   , -   , -   ," 89,15,681.37 ", -   , -   , -   , -   , -   , -   , -   , -   , -   , -   , -   , -   , -   , -   , -   , -   , -   , -   , -   , -   , -   , -   , -   , -   , -   , -   , -   , -   , -   , -   , -   , -   , -   , -   , -   , -   , -   , -   , -   , -   , -   , -   , -   , -   , -   , -   , -   , -   , -   , -   , -   , -   
Bread & Bakery products, -   , -   , -   , -   , -   , -   , -   , -   , -   , -   , -   , -   , -   ," 52,94,683.47 ", -   , -   , -   , -   , -   , -   , -   , -   , -   , -   , -   , -   , -   , -   , -   , -   , -   , -   , -   , -   , -   , -   , -   , -   , -   , -   , -   , -   , -   , -   , -   , -   , -   , -   , -   , -   , -   , -   , -   , -   , -   , -   , -   , -   , -   , -   , -   , -   , -   , -   , -   , -   
Miscellaneous food products, -   , -   , -   , -   , -   , -   , -   , -   , -   , -   ," 7,17,429.81 "," 1,90,743.66 "," 82,88,451.44 "," 90,65,949.22 "," 1,35,604.80 ", -   , -   , -   , -   , -   , -   , -   , -   , -   , -   , -   , -   , -   , -   , -   ," 13,99,892.32 ", -   , -   , -   , -   , -   , -   , -   , -   , -   , -   , -   , -   , -   , -   , -   , -   , -   , -   , -   , -   , -   , -   , -   , -   , -   , -   , -   , -   , -   , -   , -   , -   , -   , -   , -   
Alcoholic beverages, -   , -   , -   , -   , -   , -   , -   , -   , -   , -   ," 70,433.58 ", -   , -   ," 1,78,430.55 "," 70,92,868.34 ", -   , -   , -   , -   , -   , -   , -   , -   , -   , -   , -   , -   , -   , -   , -   ," 65,412.46 ", -   , -   , -   , -   , -   , -   , -   , -   , -   , -   , -   , -   , -   , -   , -   , -   , -   , -   , -   , -   , -   , -   , -   , -   , -   , -   , -   , -   , -   , -   , -   , -   , -   , -   , -   
Non alcoholic beverages, -   , -   , -   , -   , -   , -   , -   , -   , -   , -   ," 70,989.80 "," 1,353.90 ", -   ," 60,349.54 "," 21,01,236.65 ", -   , -   , -   , -   , -   , -   , -   , -   , -   , -   , -   , -   , -   , -   , -   , -   , -   , -   , -   , -   , -   , -   , -   , -   , -   , -   , -   , -   , -   , -   , -   , -   , -   , -   , -   , -   , -   , -   , -   , -   , -   , -   , -   , -   , -   , -   , -   , -   , -   , -   , -   
Tea processed, -   , -   , -   , -   , -   , -   , -   , -   , -   , -   , -   , -   , -   ," 28,77,834.84 ", -   , -   , -   , -   , -   , -   , -   , -   , -   , -   , -   , -   , -   , -   , -   , -   , -   , -   , -   , -   , -   , -   , -   , -   , -   , -   , -   , -   , -   , -   , -   , -   , -   , -   , -   , -   , -   , -   , -   , -   , -   , -   , -   , -   , -   , -   , -   , -   , -   , -   , -   , -   
Coffee processed, -   , -   , -   , -   , -   , -   , -   , -   , -   , -   , -   , -   , -   ," 2,96,278.97 ", -   , -   , -   , -   , -   , -   , -   , -   , -   , -   , -   , -   , -   , -   , -   , -   , -   , -   , -   , -   , -   , -   , -   , -   , -   , -   , -   , -   , -   , -   , -   , -   , -   , -   , -   , -   , -   , -   , -   , -   , -   , -   , -   , -   , -   , -   , -   , -   , -   , -   , -   , -   
Tobacco Products, -   , -   , -   , -   , -   , -   , -   , -   , -   , -   , -   , -   , -   , -   , -   ," 78,11,255.61 ", -   , -   , -   , -   , -   , -   , -   , -   , -   , -   , -   , -   , -   , -   , -   , -   , -   , -   , -   , -   , -   , -   , -   , -   , -   , -   , -   , -   , -   , -   , -   , -   , -   , -   , -   , -   , -   , -   , -   , -   , -   , -   , -   , -   , -   , -   , -   , -   , -   , -   
Cotton Yarn and Cotton Textiles, -   , -   , -   , -   , -   , -   , -   , -   , -   , -   , -   , -   , -   , -   , -   , -   ," 2,34,47,317.11 "," 14,96,686.65 ", -   , -   , -   , -   , -   , -   , -   , -   , -   , -   , -   , -   , -   , -   , -   , -   , -   , -   , -   , -   , -   , -   , -   , -   , -   , -   , -   , -   , -   , -   , -   , -   , -   , -   , -   , -   , -   , -   , -   , -   , -   , -   , -   , -   , -   , -   , -   , -   
Synthetic yarn and synthetic  textiles, -   , -   , -   , -   , -   , -   , -   , -   , -   , -   , -   , -   , -   , -   , -   , -   ," 1,23,39,662.36 "," 3,20,461.02 ", -   , -   , -   , -   , -   , -   , -   , -   , -   , -   , -   , -   ," 20,51,537.81 ", -   ," 3,55,879.64 ", -   , -   , -   , -   , -   , -   , -   , -   , -   , -   , -   , -   , -   , -   , -   , -   , -   , -   , -   , -   , -   , -   , -   , -   , -   , -   , -   , -   , -   , -   , -   , -   , -   
Wool yarn and woolen textiles, -   , -   , -   , -   , -   , -   , -   , -   , -   , -   , -   , -   , -   , -   , -   , -   ," 38,48,465.90 "," 3,294.51 ", -   , -   , -   , -   , -   , -   , -   , -   , -   , -   , -   , -   , -   , -   , -   , -   , -   , -   , -   , -   , -   , -   , -   , -   , -   , -   , -   , -   , -   , -   , -   , -   , -   , -   , -   , -   , -   , -   , -   , -   , -   , -   , -   , -   , -   , -   , -   , -   
Silk yarn and silk textiles, -   , -   , -   , -   , -   , -   , -   , -   , -   , -   , -   , -   , -   , -   , -   , -   ," 81,30,615.92 "," 1,35,981.94 ", -   , -   , -   , -   , -   , -   , -   , -   , -   , -   , -   , -   , -   , -   , -   , -   , -   , -   , -   , -   , -   , -   , -   , -   , -   , -   , -   , -   , -   , -   , -   , -   , -   , -   , -   , -   , -   , -   , -   , -   , -   , -   , -   , -   , -   , -   , -   , -   
Carpet weaving, -   , -   , -   , -   , -   , -   , -   , -   , -   , -   , -   , -   , -   , -   , -   , -   ," 5,19,699.78 ", -   , -   , -   , -   , -   , -   , -   , -   , -   , -   , -   , -   , -   , -   , -   , -   , -   , -   , -   , -   , -   , -   , -   , -   , -   , -   , -   , -   , -   , -   , -   , -   , -   , -   , -   , -   , -   , -   , -   , -   , -   , -   , -   , -   , -   , -   , -   , -   , -   
Ready made garments, -   , -   , -   , -   , -   , -   , -   , -   , -   , -   , -   , -   , -   , -   , -   , -   ," 12,44,165.51 "," 62,61,819.61 ", -   , -   , -   , -   , -   , -   , -   , -   , -   , -   , -   , -   , -   , -   , -   , -   , -   , -   , -   , -   , -   , -   , -   , -   , -   , -   , -   , -   , -   , -   , -   , -   , -   , -   , -   , -   , -   , -   , -   , -   , -   , -   , -   , -   , -   , -   , -   , -   
Misc. textile products, -   , -   , -   , -   , -   , -   , -   , -   , -   , -   , -   , -   , -   , -   , -   , -   ," 69,96,919.62 "," 1,84,118.09 "," 5,35,169.44 ", -   , -   , -   , -   , -   , -   , -   , -   , -   , -   , -   , -   , -   , -   , -   , -   , -   , -   ," 20,566.68 ", -   , -   , -   , -   , -   , -   , -   , -   , -   , -   , -   , -   , -   , -   , -   , -   , -   , -   , -   , -   , -   , -   , -   , -   , -   , -   , -   , -   
Leather footwear, -   , -   , -   , -   , -   , -   , -   , -   , -   , -   , -   , -   , -   , -   , -   , -   , -   , -   ," 34,92,414.81 ", -   , -   , -   , -   , -   , -   , -   , -   , -   , -   , -   , -   , -   ," 58,928.12 ", -   , -   , -   , -   , -   , -   , -   , -   , -   , -   , -   , -   , -   , -   , -   , -   , -   , -   , -   , -   , -   , -   , -   , -   , -   , -   , -   , -   , -   , -   , -   , -   , -   
Leather and leather products except footwear, -   , -   , -   , -   , -   , -   , -   , -   , -   , -   ," 3,763.60 ", -   , -   , -   , -   , -   ," 19,828.32 "," 46,183.71 "," 7,09,394.23 ", -   , -   , -   , -   , -   , -   , -   , -   , -   , -   , -   , -   , -   , -   , -   , 0.28 , -   , -   , -   , -   , -   , -   , -   , -   , -   , -   , -   , -   , -   , -   , -   , -   , -   , -   , -   , -   , -   , -   , -   , -   , -   , -   , -   , -   , -   , -   , -   
Wood and wood products except furniture, -   , -   , -   , -   , -   , -   , -   , -   , -   , -   , -   , -   , -   , -   , -   , -   , -   , -   , -   , -   , -   , -   , -   , -   , -   , -   , -   , -   , -   , -   , -   , -   , -   , -   ," 95,85,875.35 ", -   , -   , -   , -   , -   , -   , -   , -   , -   , -   , -   , -   , -   , -   , -   , -   , -   , -   , -   , -   , -   , -   , -   , -   , -   , -   , -   , -   , -   , -   , -   
"Paper, Paper products and newsprint", -   , -   , -   , -   , -   , -   , -   , -   , -   , -   , -   , -   , -   , -   , -   , -   , -   , -   , -   , -   , -   , -   , -   , -   , -   , -   , -   , -   , -   , -   , -   , -   , -   , -   ," 3,61,903.36 "," 1,22,22,489.05 "," 19,12,246.28 ", -   , -   , -   , -   , -   , -   , -   , -   , -   , -   , -   , -   , -   , -   , -   , -   , -   , -   , -   , -   , -   , -   , -   , -   , -   , -   , -   , -   , -   
"Publishing, printing and allied activities", -   , -   , -   , -   , -   , -   , -   , -   , -   , -   , -   , -   , -   , -   , -   , -   ," 36,692.26 ", -   , -   , -   , -   , -   , -   , -   , -   , -   , -   , -   , -   , -   , -   , -   , -   , -   , -   ," 5,91,599.02 "," 56,33,053.96 ", -   , -   , -   , -   , -   , -   , -   , -   , -   , -   , -   , -   , -   , -   , -   , -   , -   , -   , -   , -   , -   , -   , -   , -   , -   , -   , -   , -   , -   
Furniture & Fixtures , -   , -   , -   , -   , -   , -   , -   , -   , -   , -   , -   , -   , -   , -   , -   , -   , -   , -   , -   , -   , -   ," 1,23,001.83 ", -   , -   , -   , -   , -   , -   , -   , -   , -   , -   , -   , -   , -   , -   , -   ," 1,16,37,130.14 ", -   , -   , -   , -   , -   , -   , -   , -   , -   , -   , -   , -   , -   , -   , -   , -   , -   , -   , -   , -   , -   , -   , -   , -   , -   , -   , -   , -   
Rubber products, -   , -   , -   , -   , -   , -   , -   , -   , -   , -   , -   , -   , -   , -   , -   , -   , -   , -   ," 2,41,259.22 ", -   , -   ," 50,319.90 ", -   , -   , -   , -   , -   , -   ," 20,71,285.71 ", -   , -   , -   ," 90,29,255.63 ", -   , -   , -   , -   , -   , -   , -   , -   , -   , -   , -   , -   , -   , -   , -   , -   , -   , -   , -   , -   , -   , -   , -   , -   , -   , -   , -   , -   , -   , -   , -   , -   , -   
Plastic products, -   , -   , -   , -   , -   , -   , -   , -   , -   , -   , -   , -   , -   , -   , -   , -   , -   , -   , -   , -   , -   , -   , -   , -   , -   , 215.60 , -   , -   ," 4,12,595.51 ", -   ," 55,90,294.21 "," 82,872.10 "," 1,84,37,192.26 ", -   , -   ," 1,65,924.82 "," 9,19,642.13 ", -   , -   , -   , -   , -   , -   , -   , -   , -   , -   , -   , -   , -   , -   , -   , -   , -   , -   , -   , -   , -   , -   , -   , -   , -   , -   , -   , -   , -   
Petroleum products , -   , -   , -   , -   , -   , -   , -   , -   , -   , -   , -   , -   , -   , -   , -   , -   , -   , -   , -   , -   , -   , -   , -   , -   , -   , -   , -   , -   , -   ," 15,27,51,845.17 ", -   , -   , -   , -   , -   , 0.01 , -   , -   , -   , -   , -   , -   , -   , -   , -   , -   , -   , -   , -   , -   , -   , -   , -   , -   , -   , -   , -   , -   , -   , -   , -   , -   , -   , -   , -   , -   
Coal tar products, -   , -   , -   , -   , -   , -   , -   , -   , -   , -   , -   , -   , -   , -   , -   , -   , -   , -   , -   , -   , -   , -   , -   , -   , -   , -   , -   , -   , -   ," 1,09,55,209.82 ", -   , -   , -   , -   , -   , 0.01 , -   , -   , -   , -   , -   , -   , -   , -   , -   , -   , -   , -   , -   , -   , -   , -   , -   , -   , -   , -   , -   , -   , -   , -   , -   , -   , -   , -   , -   , -   
Inorganic chemicals, -   , -   , -   , -   , -   , -   , -   , -   , -   , -   , -   , -   , -   , -   ," 3,404.86 ", -   ," 19,419.46 ", -   , -   ," 59,079.03 ", -   ," 9,477.52 ", -   , -   , -   , -   , -   , -   , -   ," 5,44,970.71 "," 80,64,886.25 "," 3,17,183.79 "," 38,001.98 "," 39,903.83 ", -   , 0.01 , -   , -   , -   , -   , -   , -   , -   , -   , -   , -   , -   , -   , -   , -   , -   , -   , -   , -   , -   , -   , -   , -   , -   , -   , -   , -   , -   , -   , -   , -   
Organic chemicals, -   , -   , -   , -   , -   , -   , -   , -   , -   , -   , 401.77 , -   , -   , -   ," 2,10,602.62 ", -   , -   , -   , -   , 2.95 , -   , -   , -   , -   , -   , -   , -   , -   , -   ," 89,61,949.93 "," 1,25,02,538.95 "," 48,87,406.79 "," 3,46,583.95 "," 57,784.62 ", -   , 0.01 , -   , -   , -   , -   , -   , -   , -   , -   , -   , -   , -   , -   , -   , -   , -   , -   , -   , -   , -   , -   , -   , -   , -   , -   , -   , -   , -   , -   , -   , -   
Fertilizers, -   , -   , -   , -   , -   , -   , -   , -   , -   , -   , -   , -   , -   , -   , -   , -   , -   , -   , -   , -   , -   , -   , -   , -   , -   , -   , -   , -   , -   , -   ," 1,41,08,449.29 ", -   , -   , -   , -   , 0.01 , -   , -   , -   , -   , -   , -   , -   , -   , -   , -   , -   , -   , -   , -   , -   , -   , -   , -   , -   , -   , -   , -   , -   , -   , -   , -   , -   , -   , -   , -   
Pesticides, -   , -   , -   , -   , -   , -   , -   , -   , -   , -   , -   , -   , -   , -   , -   , -   , -   , -   , -   , -   , -   , -   , -   , -   , -   , -   , -   , -   , -   , -   ," 43,00,784.58 "," 87,188.35 ", -   , -   , -   , 0.01 , -   , -   , -   , -   , -   , -   , -   , -   , -   , -   , -   , -   , -   , -   , -   , -   , -   , -   , -   , -   , -   , -   , -   , -   , -   , -   , -   , -   , -   , -   
"Paints, varnishes and lacquers", -   , -   , -   , -   , -   , -   , -   , -   , -   , -   , -   , -   , -   , -   , -   , -   , -   , -   , -   , -   , -   , -   , -   , -   , -   , -   , -   , -   , -   ," 84,971.66 "," 59,59,375.94 ", -   ," 1,06,263.05 ", -   , -   , 0.01 , -   , -   , -   , -   , -   , -   , -   , -   , -   , -   , -   , -   , -   , -   , -   , -   , -   , -   , -   , -   , -   , -   , -   , -   , -   , -   , -   , -   , -   , -   
Drugs and medicine, -   , -   , -   , -   , -   , -   , -   , -   , -   , -   ," 1,01,466.64 ", -   ," 25,582.71 "," 18,585.26 ", -   , -   , -   , -   , -   , -   , -   , -   , -   , -   , -   , -   , -   , -   , -   , -   ," 15,03,915.31 "," 1,61,33,641.82 ", -   , -   , -   , 0.01 , -   , -   , -   , -   , -   , -   , -   , -   , -   , -   , -   , -   , -   , -   , -   , -   , -   , -   , -   , -   , -   , -   , -   , -   , -   , -   , -   , -   , -   , -   
"Soaps, cosmetics and glycerin", -   , -   , -   , -   , -   , -   , -   , -   , -   , -   ," 1,02,888.08 "," 3,111.28 "," 28,945.38 "," 2,32,863.44 ", 239.14 , -   , -   , -   , -   , -   , -   , -   , -   , -   , -   , -   , -   , -   , -   ," 35,693.72 "," 74,72,585.41 "," 3,16,384.54 ", -   , -   ," 5,774.32 ", 0.01 , -   , -   , -   , -   , -   , -   , -   , -   , -   , -   , -   , -   , -   , -   , -   , -   , -   , -   , -   , -   , -   , -   , -   , -   , -   , -   , -   , -   , -   , -   
"Synthetic fibres, resin", -   , -   , -   , -   , -   , -   , -   , -   , -   , -   , -   , -   , -   , -   , -   , -   ," 62,72,083.21 ", -   , -   , -   , -   , -   , -   , -   , -   , -   , -   , -   , -   , -   ," 44,56,001.16 ", -   , -   , -   , -   , 0.01 , -   , -   , -   , -   , -   , -   , -   , -   , -   , -   , -   , -   , -   , -   , -   , -   , -   , -   , -   , -   , -   , -   , -   , -   , -   , -   , -   , -   , -   , -   
Other chemicals and chemical products, -   , -   , -   , -   , -   , -   , -   , -   , -   , -   ," 48,785.57 ", -   , -   ," 22,860.21 ", -   , -   , 155.62 , -   , -   , -   , -   , -   , -   , -   , -   , -   , -   , -   , -   ," 34,14,287.24 "," 30,56,016.88 "," 10,64,371.35 "," 1,29,238.78 "," 51,864.08 ", -   , 0.01 , -   , -   , -   , -   , -   , -   , -   , -   , -   , -   , -   , -   , -   , -   , -   , -   , -   , -   , -   , -   , -   , -   , -   , -   , -   , -   , -   , -   , -   , -   
Cement, -   , -   , -   , -   , -   , -   , -   , -   , -   , -   , -   , -   , -   , -   , -   , -   , -   , -   , -   , -   , -   , -   , -   , -   , -   , -   , -   , -   , -   , -   , -   , -   , -   ," 2,26,55,458.71 ", -   , 0.01 , -   , -   , -   , -   , -   , -   , -   , -   , -   , -   , -   , -   , -   , -   , -   , -   , -   , -   , -   , -   , -   , -   , -   , -   , -   , -   , -   , -   , -   , -   
Non metallic mineral products, -   , -   , -   , -   , -   , -   , -   , -   , -   , -   , -   , -   , -   , -   , -   , -   , -   , -   , -   , -   , -   ," 3,60,499.65 ", -   , -   , -   , -   ," 4,06,210.35 ", -   , -   , -   , -   , -   , -   ," 2,36,55,345.99 ", -   , 0.01 , -   ," 5,543.79 ", -   ," 12,834.65 ", -   , -   , -   , -   , -   , -   , -   , -   , -   , -   , -   , -   , -   , -   , -   , -   , -   , -   , -   , -   , -   , -   , -   , -   , -   , -   
Iron and steel Ferro alloys, -   , -   , -   , -   , -   , -   , -   , -   , -   , -   , -   , -   , -   , -   , -   , -   , -   , -   , -   ," 2,34,49,045.83 "," 4,99,402.02 "," 12,52,605.26 ", -   , -   , -   , -   , -   , -   , -   , -   , -   , -   , -   , -   , -   , 0.01 , -   ," 1,18,984.83 ", -   , -   , -   , -   , -   , -   , -   , -   , -   , -   , -   , -   , -   , -   , -   , -   , -   , -   , -   , -   , -   , -   , -   , -   , -   , -   , -   , -   
Iron and steel casting and forging, -   , -   , -   , -   , -   , -   , -   , -   , -   , -   , -   , -   , -   , -   , -   , -   , -   , -   , -   ," 85,09,073.00 "," 35,685.15 "," 8,24,874.52 ", -   , -   , -   , -   , -   , -   , -   , -   , -   , -   , -   , -   , -   , 0.01 , -   , -   , -   , -   , -   , -   , -   , -   , -   , -   , -   , -   , -   , -   , -   , -   , -   , -   , -   , -   , -   , -   , -   , -   , -   , -   , -   , -   , -   , -   
Iron and steel foundries, -   , -   , -   , -   , -   , -   , -   , -   , -   , -   , -   , -   , -   , 0.55 , -   , -   , -   , -   , -   ," 5,14,26,545.55 "," 5,41,924.12 "," 48,64,138.82 ", -   , -   , -   , 391.34 , -   , -   , -   , -   , -   , -   , -   , -   , -   , 0.01 , -   , -   , -   , -   , -   , -   , -   , -   , -   , -   , -   , -   , -   , -   , -   , -   , -   , -   , -   , -   , -   , -   , -   , -   , -   , -   , -   , -   , -   , -   
Non ferrous basic metals (including alloys), -   , -   , -   , -   , -   , -   , -   , -   , -   , -   , -   , -   , -   , -   , -   , -   , -   , -   , -   ," 1,03,33,319.72 "," 1,93,05,622.61 "," 8,92,971.02 ", -   , -   , -   , -   ," 13,73,293.57 ", -   , -   , -   , -   , -   , -   ," 25,855.54 ", -   , 0.01 , -   , -   , -   , -   , -   , -   , -   , -   , -   , -   , -   , -   , -   , -   , -   , -   , -   , -   , -   , -   , -   , -   , -   , -   , -   , -   , -   , -   , -   , -   
"Hand tools, hardware", -   , -   , -   , -   , -   , -   , -   , -   , -   , -   , -   , -   , -   , -   , -   , -   , -   , -   , -   , -   , -   ," 57,12,542.77 ", -   , -   , -   , -   , -   ," 7,93,517.86 ", -   , -   , -   , -   , -   , -   , -   , 0.01 , -   , -   , -   , -   , -   , -   , -   , -   , -   , -   , -   , -   , -   , -   , -   , -   , -   , -   , -   , -   , -   , -   , -   , -   , -   , -   , -   , -   , -   , -   
Miscellaneous metal products, -   , -   , -   , -   , -   , -   , -   , -   , -   , -   , -   , -   , -   , -   , -   , -   , -   , -   , -   ," 55,23,011.06 "," 53,71,841.60 "," 1,97,75,791.69 "," 3,14,781.64 ", -   ," 97,849.13 ", 391.37 ," 12,02,031.49 "," 19,05,566.07 ", -   , -   , -   , -   ," 2,88,774.78 ", -   , -   , 0.01 , -   , -   , -   ," 36,965.21 ", -   , -   , -   , -   , -   , -   , -   , -   , -   , -   , -   , -   , -   , -   , -   , -   , -   , -   , -   , -   , -   , -   , -   , -   , -   , -   
Tractors and  other agricultural implements, -   , -   , -   , -   , -   , -   , -   , -   , -   , -   , -   , -   , -   , -   , -   , -   , -   , -   , -   , -   , -   ," 2,80,558.44 ", -   , -   , -   , -   , 217.81 ," 73,08,262.75 ", -   , -   , -   , -   ," 2,946.63 ", -   ," 46,684.79 ", 0.01 , -   , -   , -   ," 8,573.32 ", -   , -   , -   , -   , -   , -   , -   , -   , -   , -   , -   , -   , -   , -   , -   , -   , -   , -   , -   , -   , -   , -   , -   , -   , -   , -   
Industrial machinery for food and textile industry, -   , -   , -   , -   , -   , -   , -   , -   , -   , -   , -   , -   , -   , -   , -   , -   , -   , -   , -   , -   , -   ," 25,581.82 ", -   , -   , -   , -   ," 25,243.39 "," 11,38,952.12 ", -   , -   , -   , -   , -   , -   ," 2,100.76 ", 0.01 , -   , -   , -   ," 1,065.71 ", -   , -   , -   , -   , -   , -   , -   , -   , -   , -   , -   , -   , -   , -   , -   , -   , -   , -   , -   , -   , -   , -   , -   , -   , -   , -   
Industrial machinery (except food and textile), -   , -   , -   , -   , -   , -   , -   , -   , -   , -   , -   , -   , -   , -   , -   , -   , -   , -   , -   , -   ," 4,488.01 "," 77,061.64 ", -   , -   , -   , -   ," 3,168.91 "," 41,21,444.04 ", -   , -   , -   , -   , -   , -   , -   , 0.01 , -   , -   , -   ," 12,230.79 ", -   , -   , -   , -   , -   , -   , -   , -   , -   , -   , -   , -   , -   , -   , -   , -   , -   , -   , -   , -   , -   , -   , -   , -   , -   , -   
Machine tools, -   , -   , -   , -   , -   , -   , -   , -   , -   , -   , -   , -   , -   , -   , -   , -   , -   , -   , -   ," 4,82,202.34 "," 13,419.46 "," 14,02,157.19 ", -   , 174.37 , -   ," 31,823.49 "," 2,12,629.04 "," 44,23,186.92 ", -   , -   , -   , -   ," 5,63,869.85 ", -   , -   , 0.01 , -   , 643.81 , -   ," 62,108.35 ", -   , -   , -   , -   , -   , -   , -   , -   , -   , -   , -   , -   , -   , -   , -   , -   , -   , -   , -   , -   , -   , -   , -   , -   , -   , -   
Other non electrical machinery, -   , -   , -   , -   , -   , -   , -   , -   , -   , -   , -   , -   , -   , -   , -   , -   , -   , -   , -   , -   ," 1,35,458.47 "," 12,46,570.98 "," 12,27,029.92 "," 16,399.25 ", -   , 905.12 ," 47,44,699.69 "," 2,30,68,445.43 ", -   , -   , -   , -   , -   , -   , -   , 0.01 , -   ," 75,653.14 ", -   ," 25,473.24 ", -   , -   , -   , -   , -   , -   , -   , -   , -   , -   , -   , -   , -   , -   , -   , -   , -   , -   , -   , -   , -   , -   , -   , -   , -   , -   
Electrical industrial machinery, -   , -   , -   , -   , -   , -   , -   , -   , -   , -   , -   , -   , -   , -   , -   , -   , -   , -   , -   , -   ," 7,347.96 "," 2,19,801.60 "," 3,05,631.45 "," 9,914.78 "," 16,843.04 ", 141.04 ," 92,55,438.09 "," 7,83,125.17 ", -   , -   , -   , -   , -   , -   , -   , 0.01 , -   , -   , -   ," 12,053.13 ", -   , -   , -   , -   , -   , -   , -   , -   , -   , -   , -   , -   , -   , -   , -   , -   , -   , -   , -   , -   , -   , -   , -   , -   , -   , -   
"Electrical cables, wires", -   , -   , -   , -   , -   , -   , -   , -   , -   , -   , -   , -   , -   , -   , -   , -   , -   , -   , -   , -   ," 95,484.97 "," 10,793.33 "," 1,40,652.42 ", -   ," 18,363.59 ", 55.34 ," 28,84,560.32 ", -   , -   , -   , -   , -   , -   , -   , -   , 0.01 , -   , -   , -   , 115.72 , -   , -   , -   , -   , -   , -   , -   , -   , -   , -   , -   , -   , -   , -   , -   , -   , -   , -   , -   , -   , -   , -   , -   , -   , -   , -   
Batteries, -   , -   , -   , -   , -   , -   , -   , -   , -   , -   , -   , -   , -   , -   , -   , -   , -   , -   , -   , -   , -   , 877.35 ," 37,435.66 ", -   ," 65,812.29 ", -   ," 27,01,968.50 ", -   , -   , -   , -   , -   , -   , -   , -   , 0.01 , -   , -   , -   , -   , -   , -   , -   , -   , -   , -   , -   , -   , -   , -   , -   , -   , -   , -   , -   , -   , -   , -   , -   , -   , -   , -   , -   , -   , -   , -   
Electrical appliances, -   , -   , -   , -   , -   , -   , -   , -   , -   , -   , -   , -   , -   , -   , -   , -   , -   , -   , -   , -   , -   ," 23,378.63 "," 1,30,822.18 ", -   ," 46,789.95 ", 71.79 ," 52,29,958.45 "," 1,79,096.42 ", -   , -   , -   , -   ," 9,010.61 ", -   , -   , 0.01 , -   , -   , -   , -   , -   , -   , -   , -   , -   , -   , -   , -   , -   , -   , -   , -   , -   , -   , -   , -   , -   , -   , -   , -   , -   , -   , -   , -   , -   , -   
Communication equipment, -   , -   , -   , -   , -   , -   , -   , -   , -   , -   , -   , -   , -   , -   , -   , -   , -   , -   , -   , -   , -   ," -23,819.34 "," -2,97,111.20 "," -1,33,401.91 "," -22,36,470.49 ", -146.85 ," -5,165.43 ", -23.03 , -   , -   , -   , -   ," -8,143.20 ", -   , -   , -0.04 , -   , -   , -   , -   , -   , -   , -   , -   , -   , -   , -   , -   , -   , -   , -   , -   , -   , -   , -   , -   , -   , -   , -   , -   , -   , -   , -   , -   , -   , -   
Other electrical machinery, -   , -   , -   , -   , -   , -   , -   , -   , -   , -   , -   , -   , -   , -   , -   , -   , -   , -   , -   , -   , -   ," -8,208.39 "," -38,063.76 "," -5,966.45 "," -1,586.07 ", -3.40 ," -3,21,288.30 "," -71,440.02 ", -   , -   , -   , -   ," -5,729.76 ", -   , -   , -0.00 , -   , -   , -   , -95.63 , -   , -   , -   , -   , -   , -   , -   , -   , -   , -   , -   , -   , -   , -   , -   , -   , -   , -   , -   , -   , -   , -   , -   , -   , -   , -   
Electronic equipment including T.V, -   , -   , -   , -   , -   , -   , -   , -   , -   , -   , -   , -   , -   , -   , -   , -   , -   , -   , -   , -   , -   ," 49,745.89 "," 59,40,513.97 "," 33,64,794.93 "," 11,91,792.59 "," 9,23,198.30 "," 12,93,238.94 "," 4,74,149.79 ", -   , -   , -   , -   ," 19,732.92 ", -   , -   , 0.01 ," 28,420.84 ", -   , -   ," 6,39,985.20 ", -   , -   , -   , -   , -   , -   , -   , -   , -   , -   , -   , -   , -   , -   , -   , -   , -   , -   , -   , -   , -   , -   , -   , -   , -   , -   
"Medical precision, optical instrument", -   , -   , -   , -   , -   , -   , -   , -   , -   , -   , -   , -   , -   , -   , -   , -   , -   , -   , -   , -   , -   ," 2,02,849.30 "," 97,877.82 ", -   ," 1,99,247.56 "," 10,06,584.47 "," 7,56,722.27 "," 8,22,417.59 ", -   , -   , -   , -   ," 47,972.58 "," 41,529.24 ", -   , 0.01 , -   , -   ," 17,08,192.84 "," 10,287.29 ", -   , -   , -   , -   , -   , -   , -   , -   , -   , -   , -   , -   , -   , -   , -   , -   , -   , -   , -   , -   , -   , -   , -   , -   , -   , -   
Watches and clocks, -   , -   , -   , -   , -   , -   , -   , -   , -   , -   , -   , -   , -   , -   , -   , -   , -   , -   , -   , -   , -   , -   , -   , -   , -   ," 4,77,139.43 ", -   , -   , -   , -   , -   , -   , -   , -   , -   , 0.01 , -   , -   , 967.23 , -   , -   , -   , -   , -   , -   , -   , -   , -   , -   , -   , -   , -   , -   , -   , -   , -   , -   , -   , -   , -   , -   , -   , -   , -   , -   , -   
Ships and boats, -   , -   , -   , -   , -   , -   , -   , -   , -   , -   , -   , -   , -   , -   , -   , -   , -   , -   , -   , -   , -   ," -19,618.63 ", -   , -   , -   , -   , -   ," -1,18,764.88 "," -15,91,462.08 ", -   , -   , -   , -   , -   , -   , -0.01 , -   , -   , -   , -54.77 , -   , -   , -   , -   , -   , -   , -   , -   , -   , -   , -   , -   , -   , -   , -   , -   , -   , -   , -   , -   , -   , -   , -   , -   , -   , -   
Rail equipment, -   , -   , -   , -   , -   , -   , -   , -   , -   , -   , -   , -   , -   , -   , -   , -   , -   , -   , -   , -   , -   ," 61,610.44 ", -   , -   , -   , -   ," 1,34,762.59 "," 48,235.32 "," 8,12,417.42 ", -   , -   , -   , -   ," 9,074.85 ", -   , 0.01 , -   , -   , -   , -   , -   , -   , -   , -   , -   , -   , -   , -   , -   , -   , -   , -   , -   , -   , -   , -   , -   , -   , -   , -   , -   , -   , -   , -   , -   , -   
Motor vehicles, -   , -   , -   , -   , -   , -   , -   , -   , -   , -   , -   , -   , -   , -   , -   , -   , -   , -   , -   , -   , -   ," 1,94,423.53 ", -   , -   , -   , -   ," 1,16,021.06 "," 12,68,464.45 "," 5,64,76,803.44 ", -   , -   , -   ," 1,06,491.43 ", -   , -   , 0.01 , -   , -   , -   , -   , -   , -   , -   , -   , -   , -   , -   , -   , -   , -   , -   , -   , -   , -   , -   , -   , -   , -   , -   , -   , -   , -   , -   , -   , -   , -   
Motor cycles and scooters, -   , -   , -   , -   , -   , -   , -   , -   , -   , -   , -   , -   , -   , -   , -   , -   , -   , -   , -   , -   , -   ," 3,938.13 ", -   , -   , -   , -   , -   ," 1,66,920.48 "," 1,62,85,288.90 ", -   , -   , -   ," 42,455.13 ", -   , -   , 0.01 , -   , -   , -   , -   , -   , -   , -   , -   , -   , -   , -   , -   , -   , -   , -   , -   , -   , -   , -   , -   , -   , -   , -   , -   , -   , -   , -   , -   , -   , -   
"Bicycles, cycle-rickshaw", -   , -   , -   , -   , -   , -   , -   , -   , -   , -   , -   , -   , -   , -   , -   , -   , -   , -   , -   , -   , -   ," 13,006.39 ", -   , -   , -   , -   , -   ," 65,805.74 "," 43,21,793.42 ", -   , -   , -   ," 12,042.22 ", -   , -   , 0.01 , -   , -   , -   , -   , -   , -   , -   , -   , -   , -   , -   , -   , -   , -   , -   , -   , -   , -   , -   , -   , -   , -   , -   , -   , -   , -   , -   , -   , -   , -   
Aircrafts & Spacecrafts, -   , -   , -   , -   , -   , -   , -   , -   , -   , -   , -   , -   , -   , -   , -   , -   , -   , -   , -   , -   , -   , -   , -   , -   , -   , -   , -   , -117.19 ," -14,21,437.28 ", -   , -   , -   , -   , -   , -   , -0.02 , -   , -   , -   , -   , -   , -   , -   , -   , -   , -   , -   , -   , -   , -   , -   , -   , -   , -   , -   , -   , -   , -   , -   , -   , -   , -   , -   , -   , -   , -   
Other transport equipment, -   , -   , -   , -   , -   , -   , -   , -   , -   , -   , -   , -   , -   , -   , -   , -   , -   , -   , -   , -   , -   ," 1,77,337.01 ", -   , -   , -   , -   , -   ," 2,53,140.86 "," 30,51,758.82 ", -   , -   , -   , -   , -   ," 22,896.83 ", 0.01 , -   , -   , -   , -   , -   , -   , -   , -   , -   , -   , -   , -   , -   , -   , -   , -   , -   , -   , -   , -   , -   , -   , -   , -   , -   , -   , -   , -   , -   , -   
Gems & jewellery, -   , -   , -   , -   , -   , -   , -   , -   , -   , -   , -   , -   , -   , -   , -   , -   ," -60,779.19 ", -   , -   , -   ," -20,37,943.49 "," -2,405.66 ", -   , -   , -   , -   , -   , -   , -   , -   , -   , -   , -   ," -93,593.48 ", -   , -0.01 , -   , -   ," -1,30,20,395.14 ", -   , -   , -   , -   , -   , -   , -   , -   , -   , -   , -   , -   , -   , -   , -   , -   , -   , -   , -   , -   , -   , -   , -   , -   , -   , -   , -   
Miscellaneous manufacturing, -   , -   , -   , -   , -   , -   , -   , -   , -   , -   , -   , 8.83 , 2.42 ," 3,921.19 ", -   , -   ," 56,705.10 "," 7,549.46 "," 53,755.97 ", -   ," 1,28,535.23 "," 30,33,451.84 "," 2,220.10 "," 45,735.96 "," 6,697.62 "," 9,220.41 "," 53,216.84 "," 4,44,060.43 "," 14,88,867.68 "," 23,060.32 "," 1,94,641.18 ", 518.61 ," 2,26,599.81 "," 3,46,285.81 "," 2,81,239.89 "," 65,619.37 "," 65,932.22 "," 69,343.09 "," 7,59,322.51 "," 15,082.40 ", -   , -   , -   , -   , -   , -   , -   , -   , -   , -   , -   , -   , -   , -   , -   , -   , -   , -   , -   , -   , -   , -   , -   , -   , -   , -   
Construction and construction services, -   , -   , -   , -   , -   , -   , -   , -   , -   , -   , 180.63 , 88.46 ," 1,932.25 "," 9,799.07 "," 5,276.89 "," 2,386.17 "," 12,582.76 ", -   , -   ," 1,35,813.21 "," 1,825.76 "," 2,425.77 ", -   , -   , -   , -   , 14.70 ," 36,755.76 "," 26,253.89 "," 11,61,648.00 "," 10,241.00 ", 1.69 , 479.48 ," 14,555.85 ", 0.61 ," 3,759.40 ", -   , -   , 175.26 , -   ," 39,33,01,800.39 ", -   , -   , -   , -   , -   , -   , -   , -   , -   , -   , -   , -   , -   , -   , -   , -   , -   , -   , -   , -   , -   , -   , -   , -   , -   
Electricity, -   , -   , -   , -   , -   , -   , -   , -   , -   , -   ," 12,251.44 ", 881.17 ," 15,301.56 "," 5,25,377.57 "," 25,446.38 "," 7,576.70 "," 1,16,429.52 "," 6,731.66 "," 2,118.53 "," 10,90,094.22 "," 1,01,729.67 "," 35,765.93 ", 21.24 , 0.00 , -   , 8.13 ," 63,346.97 "," 49,246.26 "," 44,472.68 "," 1,20,093.44 "," 59,674.63 "," 3,666.18 "," 38,202.28 "," 2,95,316.98 ", 50.71 ," 10,254.78 ", 357.52 , 673.14 ," 2,342.13 ", -   , -   ," 8,06,59,908.10 ", -   , -   , -   , -   , -   , -   , -   , -   , -   , -   , -   , -   , -   , -   , -   , -   , -   , -   , -   , -   , -   , -   , -   , -   
Gas, -   , -   , -   , -   , -   , -   , -   , -   , -   , -   , -   , -   , -   , -   , -   , -   , -   , -   , -   , -   , -   , -   , -   , -   , -   , -   , -   , -   , -   ," 41,262.86 "," 5,992.50 ", -   , -   , -   , -   , -   , -   , -   , -   , -   , -   , -   ," 1,35,32,536.16 ", -   , -   , -   , -   , -   , -   , -   , -   , -   , -   , -   , -   , -   , -   , -   , -   , -   , -   , -   , -   , -   , -   , -   
Water Supply," 72,40,514.08 ", -   , -   , -   , -   , -   , -   , -   , -   , -   , -   , -   , -   ," 34,903.40 "," 9,180.10 ", -   , -   , -   , -   , -   , -   , -   , -   , -   , -   , -   , -   , -   , -   , 299.91 ," 66,141.46 ", -   , -   , -   , -   ," 16,096.62 ", -   , -   , -   , -   , -   , -   , -   ," 1,04,88,845.95 ", -   , -   , -   , -   , -   , -   , -   , -   , -   , -   , -   , -   , -   , -   , -   , -   , -   , -   , -   , -   , -   , -   
Trade, -   , -   , -   , -   , -   , -   , -   , -   , -   , -   ," 8,89,766.31 "," 3,18,270.93 "," 12,58,772.17 "," 6,03,635.02 "," 3,37,759.92 "," 95,465.29 "," 20,48,205.41 "," 2,13,982.37 "," 1,79,198.35 "," 15,59,845.99 "," 90,754.03 "," 8,17,227.73 "," 8,71,667.39 "," 1,73,086.25 "," 1,54,253.27 "," 25,660.86 "," 6,28,664.32 "," 13,47,347.79 "," 28,26,140.76 "," 7,20,524.11 "," 16,27,001.24 "," 7,59,626.15 "," 3,61,821.48 "," 9,72,132.19 "," 6,23,443.78 "," 1,10,352.09 "," 1,83,194.38 "," 5,99,153.98 "," 2,81,603.22 "," 3,05,535.58 ", -   , -   , -   , -   , -   , -   , -   , -   , -   , -   , -   ," 21,29,60,321.55 ", -   , -   , -   , -   , -   , -   , -   , -   , -   , -   , -   , -   , -   , -   
Repair & Maintenace of Motor Vehicle, -   , -   , -   , -   , -   , -   , -   , -   , -   , -   , -   , -   , -   , -   , -   , -   , -   , -   , -   , -   , -   , -   , -   , -   , -   , -   , -   , -   , -   , -   , -   , -   , -   , -   , -   , -   , -   , -   , -   , -   , -   , -   , -   , -   , -   , -   , -   , -   , -   , -   , -   ," 21,89,378.89 ", -   , -   , -   , -   , -   , -   , -   , -   , -   , -   , -   , -   , -   , -   
Hotels & Restaurant, -   , -   , -   , -   , -   , -   , -   , -   , -   , -   , -   , -   , -   , -   , -   , -   , -   , -   , -   , -   , -   , -   , -   , -   , -   , -   , -   , -   , -   , -   , -   , -   , -   , -   , -   , -   , -   , -   , -   , -   , -   , -   , -   , -   , -   , -   , -   , -   , -   , -   , -   , -   ," 4,95,74,405.55 ", -   , -   , -   , -   , -   , -   , -   , -   , -   , -   , -   , -   , -   
Railway Transport, -   , -   , -   , -   , -   , -   , -   , -   , -   , -   , -   , -   , -   , -   , -   , -   , -   , -   , -   , -   , -   , -   , -   , -   , -   , -   , -   , -   , -   , -   , -   , -   , -   , -   , -   , -   , -   , -   , -   , -   , -   , -   , -   , -   ," 1,89,91,670.85 ", -   , -   , -   , -   , -   , -   , -   , -   , -   , -   , -   , -   , -   , -   , -   , -   , -   , -   , -   , -   , -   
Land transport, -   , -   , -   , -   , -   , -   , -   , -   , -   , -   , -   , -   , -   , -   , -   , -   , -   , -   , -   , -   , -   , -   , -   , -   , -   , -   , -   , -   , -   , -   , -   , -   , -   , -   , -   , -   , -   , -   , -   , -   , -   , -   , -   , -   , -   ," 11,39,33,586.93 ", -   , -   , -   , -   , -   , -   , -   , -   , -   , -   , -   , -   , -   , -   , -   , -   , -   , -   , -   , -   
Air transport, -   , -   , -   , -   , -   , -   , -   , -   , -   , -   , -   , -   , -   , -   , -   , -   , -   , -   , -   , -   , -   , -   , -   , -   , -   , -   , -   , -   , -   , -   , -   , -   , -   , -   , -   , -   , -   , -   , -   , -   , -   , -   , -   , -   , -   , -   , -   ," 70,34,178.06 ", -   , -   , -   , -   , -   , -   , -   , -   , -   , -   , -   , -   , -   , -   , -   , -   , -   , -   
Water Transport, -   , -   , -   , -   , -   , -   , -   , -   , -   , -   , -   , -   , -   , -   , -   , -   , -   , -   , -   , -   , -   , -   , -   , -   , -   , -   , -   , -   , -   , -   , -   , -   , -   , -   , -   , -   , -   , -   , -   , -   , -   , -   , -   , -   , -   , -   ," -25,26,531.32 ", -   , -   , -   , -   , -   , -   , -   , -   , -   , -   , -   , -   , -   , -   , -   , -   , -   , -   , -   
Supportive and Auxiliary transport activities, -   , -   , -   , -   , -   , -   , -   , -   , -   , -   , -   , -   , -   , -   , -   , -   , -   , -   , -   , -   , -   , -   , -   , -   , -   , -   , -   , -   , -   , -   , -   , -   , -   , -   , -   , -   , -   , -   , -   , -   , -   , -   , -   , -   , -   , -   , -   , -   ," 2,46,23,780.58 ", -   , -   , -   , -   , -   , -   , -   , -   , -   , -   , -   , -   , -   , -   , -   , -   , -   
Storage and warehousing, -   , -   , -   , -   , -   , -   , -   , -   , -   , -   , -   , -   , -   , -   , -   , -   , -   , -   , -   , -   , -   , -   , -   , -   , -   , -   , -   , -   , -   , -   , -   , -   , -   , -   , -   , -   , -   , -   , -   , -   , -   , -   , -   , -   , -   , -   , -   , -   , -   ," 21,68,034.01 ", -   , -   , -   , -   , -   , -   , -   , -   , -   , -   , -   , -   , -   , -   , -   , -   
Communication services, -   , -   , -   , -   , -   , -   , -   , -   , -   , -   , -   , -   , -   , -   , -   , -   , -   , -   , -   , -   , -   , -   , -   , -   , -   , -   , -   , -   , -   , -   , -   , -   , -   , -   , -   , -   , -   , -   , -   , -   , -   , -   , -   , -   , -   , -   , -   , -   , -   , -   ," 6,47,15,017.31 ", -   , -   , -   , -   , -   , -   , -   , -   , -   , -   , -   , -   , -   , -   , -   
Financial services, -   , -   , -   , -   , -   , -   , -   , -   , -   , -   , -   , -   , -   , -   , -   , -   , -   , -   , -   , -   , -   , -   , -   , -   , -   , -   , -   , -   , -   , -   , -   , -   , -   , -   , -   , -   , -   , -   , -   , -   , -   , -   , -   , -   , -   , -   , -   , -   , -   , -   , -   , -   , -   ," 9,89,66,917.46 ", -   , -   , -   , -   , -   , -   , -   , -   , -   , -   , -   , -   
Insurance services, -   , -   , -   , -   , -   , -   , -   , -   , -   , -   , -   , -   , -   , -   , -   , -   , -   , -   , -   , -   , -   , -   , -   , -   , -   , -   , -   , -   , -   , -   , -   , -   , -   , -   , -   , -   , -   , -   , -   , -   , -   , -   , -   , -   , -   , -   , -   , -   , -   , -   , -   , -   , -   , -   ," 1,75,54,412.42 ", -   , -   , -   , -   , -   , -   , -   , -   , -   , -   , -   
Ownership of dweiilngs, -   , -   , -   , -   , -   , -   , -   , -   , -   , -   , -   , -   , -   , -   , -   , -   , -   , -   , -   , -   , -   , -   , -   , -   , -   , -   , -   , -   , -   , -   , -   , -   , -   , -   , -   , -   , -   , -   , -   , -   , -   , -   , -   , -   , -   , -   , -   , -   , -   , -   , -   , -   , -   , -   , -   ," 11,32,05,398.55 ", -   , -   , -   , -   , -   , -   , -   , -   , -   , -   
Real estate services, -   , -   , -   , -   , -   , -   , -   , -   , -   , -   ," 5,219.63 "," 2,322.13 "," 5,673.83 "," 5,508.65 "," 53,741.36 ", 743.67 ," 7,301.14 ", 933.68 , 981.73 ," 76,753.64 "," 41,903.25 "," 11,703.66 "," 27,210.40 ", 545.52 ," 13,297.67 ", 804.86 ," 5,304.68 "," 1,33,304.18 "," 5,961.10 "," 41,275.16 "," 56,307.62 "," 25,061.69 "," 4,106.80 "," 7,479.28 "," 1,012.48 "," 5,443.70 "," 12,731.31 ", 163.41 ," 4,07,248.18 "," 4,569.10 ", -   , -   , -   , -   , -   , -   , -   , -   , -   , -   , -   , -   , -   , -   , -   , -   , -   , -   , -   , -   , -   ," 2,37,27,787.32 ", -   , -   , -   , -   
Renting of machinery & equipment, -   , -   , -   , -   , -   , -   , -   , -   , -   , -   , -   , -   , -   , -   , -   , -   , -   , -   , -   , -   , -   , -   , -   , -   , -   , -   , -   , -   , -   , -   , -   , -   , -   , -   , -   , -   , -   , -   , -   , -   , -   , -   , -   , -   , -   , -   , -   , -   , -   , -   , -   , -   , -   , -   , -   , -   , -   , -   , -   , -   , -   , -   ," 46,30,834.22 ", -   , -   , -   
Research & Development Services, -   , -   , -   , -   , -   , -   , -   , -   , -   , -   , -   , -   , -   , -   , -   , -   , -   , -   , -   , -   , -   , -   , -   , -   , -   , -   , -   , -   , -   , -   , -   , -   , -   , -   , -   , -   , -   , -   , -   , -   , -   , -   , -   , -   , -   , -   , -   , -   , -   , -   , -   , -   , -   , -   , -   , -   , -   , -   , -   , -   ," 75,77,656.51 ", -   , -   , -   , -   , -   
Legal services, -   , -   , -   , -   , -   , -   , -   , -   , -   , -   , -   , -   , -   , -   , -   , -   , -   , -   , -   , -   , -   , -   , -   , -   , -   , -   , -   , -   , -   , -   , -   , -   , -   , -   , -   , -   , -   , -   , -   , -   , -   , -   , -   , -   , -   , -   , -   , -   , -   , -   , -   , -   , -   , -   , -   , -   , -   , -   ," 84,54,980.08 ", -   , -   , -   , -   , -   , -   , -   
Other Business services, -   , -   , -   , -   , -   , -   , -   , -   , -   , -   , -   , -   , -   , -   , -   , -   , -   , -   , -   , -   , -   , -   , -   , -   , -   , -   , -   , -   , -   , -   , -   , -   , -   , -   , -   , -   , -   , -   , -   , -   , -   , -   , -   , -   , -   , -   , -   , -   , -   , -   , -   , -   , -   , -   , -   , -   , -   , -   , -   , -   ," -50,28,589.14 ", -   , -   , -   , -   , -   
Computer related services, -   , -   , -   , -   , -   , -   , -   , -   , -   , -   , -   , -   , -   , -   , -   , -   , -   , -   , -   , -   , -   , -   , -   , -   , -   , -   , -   , -   , -   , -   , -   , -   , -   , -   , -   , -   , -   , -   , -   , -   , -   , -   , -   , -   , -   , -   , -   , -   , -   , -   , -   , -   , -   , -   , -   , -   , -   , -   , -   ," 81,60,201.01 ", -   , -   , -   , -   , -   , -   
Public administration and defence, -   , -   , -   , -   , -   , -   , -   , -   , -   , -   , -   , -   , -   , -   , -   , -   , -   , -   , -   , -   , -   , -   , -   , -   , -   , -   , -   , -   , -   , -   , -   , -   , -   , -   , -   , -   , -   , -   , -   , -   , -   , -   , -   , -   , -   , -   , -   , -   , -   , -   , -   , -   , -   , -   , -   , -   , -   , -   , -   , -   , -   , -   , -   , -   , -   ," 12,12,95,839.35 "
Education services, -   , -   , -   , -   , -   , -   , -   , -   , -   , -   , -   , -   , -   , -   , -   , -   , -   , -   , -   , -   , -   , -   , -   , -   , -   , -   , -   , -   , -   , -   , -   , -   , -   , -   , -   , -   , -   , -   , -   , -   , -   , -   , -   , -   , -   , -   , -   , -   , -   , -   , -   , -   , -   , -   , -   , -   ," 6,61,22,372.91 ", -   , -   , -   , -   , -   , -   , -   , -   , -   
Human health and social care services, -   , -   , -   , -   , -   , -   , -   , -   , -   , -   , -   , -   , -   , -   , -   , -   , -   , -   , -   , -   , -   , -   , -   , -   , -   , -   , -   , -   , -   , -   , -   , -   , -   , -   , -   , -   , -   , -   , -   , -   , -   , -   , -   , -   , -   , -   , -   , -   , -   , -   , -   , -   , -   , -   , -   , -   , -   ," 3,41,53,502.00 ", -   , -   , -   , -   , -   , -   , -   , -   
"Community, social and personal services", -   , -   , -   , -   , -   , -   , -   , -   , -   , -   , -   , -   , -   , -   , -   , -   , -   , -   , -   , -   , -   , -   , -   , -   , -   , -   , -   , -   , -   , -   , -   , -   , -   , -   , -   , -   , -   , -   , -   , -   , -   , -   , -   , -   , -   , -   , -   , -   , -   , -   , -   , -   , -   , -   , -   , -   , -   , -   , -   , -   , -   , -   , -   ," 3,71,64,971.85 ", -   , -   
"Recreation, entertainment and radio & TV broadcasting  and other services", -   , -   , -   , -   , -   , -   , -   , -   , -   , -   , -   , -   , -   , -   , -   , -   , -   , -   , -   , -   , -   , -   , -   , -   , -   , -   , -   , -   , -   , -   , -   , -   , -   , -   , -   , -   , -   , -   , -   , -   , -   , -   , -   , -   , -   , -   , -   , -   , -   , -   , -   , -   , -   , -   , -   , -   , -   , -   , -   , -   , -   , -   , -   , -   ," 1,86,83,195.70 ", -   
